frame,elapsed,decode_ms,yolo_ms,crop_ms,dino_ms,head_ms,overlay_ms,total_ms,num_cows,current_mib,peak_mib,cpu_percent
0,1.3912716750000982,11.669319000247924,1379.5414719998007,0.003801999810093548,0.028593000024557114,0.006041999768058304,0.000573000761505682,1391.2698520007325,0,0.0,0.0,0.0
