{
  "metadata": {
    "platform": "Qualcomm RB3gen2 (QCM6490)",
    "cpu": "4\u00d7A55@1.9 GHz + 4\u00d7A78@2.4 GHz",
    "memory_gb": 7.1,
    "video_resolution": "2560\u00d71440",
    "video_fps": 25.0,
    "total_frames_input": 14009,
    "warmup_frames": 1,
    "measured_frames": 1,
    "models": {
      "yolo": "yolov8n-seg (7 MB)",
      "dino": "dinov2_vits14.onnx (88 MB)",
      "head": "BcsHead (273 KB)"
    }
  },
  "summary": {
    "decode_ms": {
      "mean": 11.669319000247924,
      "median": 11.669319000247924,
      "p95": 11.669319000247924,
      "p99": 11.669319000247924,
      "std": NaN,
      "min": 11.669319000247924,
      "max": 11.669319000247924
    },
    "yolo_ms": {
      "mean": 1379.5414719998007,
      "median": 1379.5414719998007,
      "p95": 1379.5414719998007,
      "p99": 1379.5414719998007,
      "std": NaN,
      "min": 1379.5414719998007,
      "max": 1379.5414719998007
    },
    "crop_ms": {
      "mean": 0.003801999810093548,
      "median": 0.003801999810093548,
      "p95": 0.003801999810093548,
      "p99": 0.003801999810093548,
      "std": NaN,
      "min": 0.003801999810093548,
      "max": 0.003801999810093548
    },
    "dino_ms": {
      "mean": 0.028593000024557114,
      "median": 0.028593000024557114,
      "p95": 0.028593000024557114,
      "p99": 0.028593000024557114,
      "std": NaN,
      "min": 0.028593000024557114,
      "max": 0.028593000024557114
    },
    "head_ms": {
      "mean": 0.006041999768058304,
      "median": 0.006041999768058304,
      "p95": 0.006041999768058304,
      "p99": 0.006041999768058304,
      "std": NaN,
      "min": 0.006041999768058304,
      "max": 0.006041999768058304
    },
    "overlay_ms": {
      "mean": 0.000573000761505682,
      "median": 0.000573000761505682,
      "p95": 0.000573000761505682,
      "p99": 0.000573000761505682,
      "std": NaN,
      "min": 0.000573000761505682,
      "max": 0.000573000761505682
    },
    "total_ms": {
      "mean": 1391.2698520007325,
      "median": 1391.2698520007325,
      "p95": 1391.2698520007325,
      "p99": 1391.2698520007325,
      "std": NaN,
      "min": 1391.2698520007325,
      "max": 1391.2698520007325
    },
    "end_to_end_fps": 0.718766879229342,
    "num_frames": 1,
    "gross_cpu_percent": {}
  },
  "per_frame": [
    {
      "frame": 0,
      "elapsed": 1.3912716750000982,
      "decode_ms": 11.669319000247924,
      "yolo_ms": 1379.5414719998007,
      "crop_ms": 0.003801999810093548,
      "dino_ms": 0.028593000024557114,
      "head_ms": 0.006041999768058304,
      "overlay_ms": 0.000573000761505682,
      "total_ms": 1391.2698520007325,
      "num_cows": 0,
      "current_mib": 0.0,
      "peak_mib": 0.0,
      "cpu_percent": 0.0
    }
  ]
}